text,source
"Entanglement fidelity measures how well entanglement is preserved through quantum channels. Various measures of entanglement (like entanglement of formation, concurrence, negativity) quantify entanglement in a system. We explore the link between entanglement fidelity and these measures. We propose new fidelities based on these measures and compare them statistically with the existing entanglement fidelity.",ai
"Quantum Entanglement for Internet: Key to the quantum internet's structure, entanglement lets us connect quantum nodes. We've created a way to manage entanglement access. This method assigns different entanglement access levels to users. The cost of each path depends on the quality of entanglement and the likelihood of entangled connections. We've found that more available entangled paths result in better entanglement quality and reliability. This scheme offers an efficient way to control entanglement access in the experimental quantum internet.",ai
"Classical systems can exhibit entanglement, a phenomenon defined by coincidental correlations. A mechanical system, with a single conserved variable, can mimic quantum entanglement experiments with 77.8% conditional efficiency. This was demonstrated with four-particle entanglement swapping and GHZ entanglement.",ai
"We've proven a general rule for entanglement in multi-party quantum systems of any dimension. For closed systems, we've shown that entanglement entropy is a universal measure that limits both monogamy and polygamy of multi-party entanglement.",ai
"Verifying quantum entanglement in realistic, noisy conditions is vital for advancing quantum tech. Most entanglement tests, like witnesses or partial transposition, can't fully identify entanglement, especially 'bound entanglement'. We've developed a method using 'entanglement quasiprobabilities' to fully verify entanglement in dephased qubit and qutrit Werner states. Notably, we've detected bound entanglement in noisy, mixed states.",ai
"The paper explores connections between topological and quantum entanglement. It suggests treating topological entanglements like braids as ""entanglement operators"" and pairing them with quantum entanglement-creating unitary operators.",ai
"We investigate maximally entangled states and fully entangled fractions in general d'\otimes d (d'≥d) systems. We provide necessary and sufficient conditions for these states, both pure and mixed. We extend the usual fully entangled fraction for d\otimes d systems by defining it as the maximum overlap between a given state and maximally entangled states in d'\otimes d systems. We analyze the properties of this fraction and its connection to quantum teleportation. We also offer a method to detect",ai
Key challenges in creating a quantum internet are maintaining stable quantum repeaters and maximizing entanglement rates in complex networks. A stable quantum repeater ensures that all incoming quantum states can be replaced with a target state. Strong stability means reliable entanglement transfer with limited memory storage and delays. A new theoretical approach combines noise analysis and entanglement rate optimization. We introduce the 'entanglement swapping set' to represent a repeater's quantum memory status with stored states. We then find the best entanglement distribution strategy.,ai
"We investigate the entanglement of all Heisenberg XXX model eigenstates. Nearest-neighbor qubits' entanglement and mixedness are fully defined by their eigenenergies, with negative eigenenergies indicating pairwise entanglement. We derive finite-size entanglement behaviors from this relationship. Additionally, we study entanglement and mixedness changes with energy in the quantum Heisenberg XY model.",ai
"We've created a quantum copier that perfectly duplicates the entanglement of pairs of $d$-dimensional quantum systems. It boosts entanglement in maximally-entangled inputs while keeping unentangled inputs separate. It doesn't increase entanglement in all cases. For large systems, each clone has about half the entanglement of the input, behaving classically. Lastly, we've tested a local copier that makes clones with one fourth the input's entanglement.",ai
"This paper presents a new entanglement measure, the ""floating entanglement witness measure,"" based on entanglement witnesses. This measure meets some key criteria for a good entanglement measure. The authors also introduce a classical algorithm using genetic algorithms to compute this measure and identify entanglement witnesses for given entangled states.",ai
We explore the most entangled states in quantum systems by examining the fluctuations in crucial measurements that reveal entanglement. We define maximum entanglement as the state where these fluctuations reach their peak.,ai
"Entanglement is crucial in quantum information and communication. Most used entanglement is pure and distillable. However, there's 'bound entanglement', which can't be converted into distillable form by local operations and classical communication. We've shown that bound entanglement in a four-qubit Smolin state can be 'activated', turning it into usable, distillable form using auxiliary entanglement and local operations. This could lead to new quantum tech applications.",ai
"We've shown a way to connect two independent, complex quantum states. Each state was a 'GHZ' state, a special type of entanglement involving three particles of light. We combined these states using a technique called 'entanglement swapping'. This involves measuring two light beams, one from each state, and then using the results of that measurement to link the remaining, unmeasured parts of the two states. After this process, all the unmeasured parts of the two original states are now entangled, forming a larger, complex entanglement. This is similar to connecting two independent, ent",ai
"We studied the relationship between four entanglement measures for pure bipartite quantum states, focusing on their normalized versions derived from Schmidt decomposition. We found that these measures can be ranked in a specific order, indicating that one measure is more sensitive to entanglement than the others.",ai
"A new measure for entanglement in multi-particle systems (multiqudits) is introduced. It assesses both local subsystem entanglement and overall system entanglement. To fully understand multiqudit entanglement, subsystem entanglements must be considered. Additionally, this measure is extended to mixed states of multiqubits and higher-dimensional systems.",ai
We examine how quantum channels can be combined using limited entanglement through local operations and classical communication (LOCC). We prove that any channel breaking $k$-particle entanglement can be built from an entangled state with a Schmidt number of $k$ using one-way LOCC. This entanglement-assisted approach offers an alternative way to define such channels.,ai
"In prior research, quantum photolithography often used maximally-entangled light states. This study expands this to use $N$-photon nonmaximally-entangled states shared by two light beams. We explore how entanglement affects photolithography. We find that nonlocal entanglement changes the deposition rate's amplitude by adjusting entanglement's degree, but keeps resolution constant. For local entanglement, quantum photolithography's effective Rayleigh resolution can be resonantly boosted.",ai
"Quantum entanglement, vital in quantum computing, involves pairs of particles linked such that the state of one instantly affects the other, regardless of distance. Recent years have seen increased focus on understanding and defining this non-classical phenomenon. This review explores new findings in quantum entanglement theory, including methods to detect entangled states, lower bound calculations, and the role of entanglement in quantum teleportation and distillation.",ai
"Quantum entanglement, crucial in quantum physics, enables tasks impossible in classical physics. Its dynamics, studied via quantum channels, is vital. We explore 'entanglement-breaking' channels and provide conditions for a qubit system's channel to break entanglement. Additionally, we introduce 'strong entanglement-breaking' channels and study their modification.",ai
"We examine separability and quantum entanglement in bipartite and multipartite systems. We cover Bell inequalities, entanglement witnesses, entropic inequalities, and bound entanglement. We show how these criteria help detect entanglement in experiments.",ai
"We study the inner workings of quantum measurements that create entanglement, focusing on a simple three-qubit model that can generate any desired level of entanglement.",ai
"We studied the entanglement in quantum states used in quantum algorithms. We found that most cases in Deutsch-Jozsa, Grover, and Simon algorithms involve multipartite entanglement.",ai
This thesis explores the use of entropic measures to describe entangled quantum states and discusses entanglement's relation to topics like quantum evolution speed and quantum phase transitions.,ai
"The thesis explores multipartite entanglement, covering measures, maximally entangled states, Bell's inequalities, entanglement spectrum, and quantum frustration. It also examines quantum algorithms on IBM's quantum computer, adiabatic quantum computation, and quantum thermodynamics.",ai
"Given a quantum gate $U$ acting on a bipartite system, its minimum entangling power is the least entanglement it can create when inputs are product states. We find that using von Neumann entropy or Schmidt rank as entanglement measures, this minimum power is usually very close to the maximum entanglement $U$ can generate. This suggests that maximum, average, and minimum entangling powers are typically close. We also explore minimum entangling power for other continuous entanglement measures and extend these findings.",ai
"We propose a nature-inspired model to optimize entanglement in quantum networks. It aims to maximize entanglement quality (fidelity and relative entropy) for connected quantum nodes. The model minimizes costs associated with entanglement creation, maintenance, and storage in quantum memories. It's designed for efficient implementation in quantum Internet and networking applications.",ai
"We examine the 'entanglement contour', a measure of entanglement in quantum systems, and develop a formula for it in 1+1 dimensional systems. This formula helps us understand the spatial entanglement in various static conformal field theories (CFTs), as well as during local and global 'quenches' (sudden changes). In a global quench, we see how entanglement spreads in strongly interacting CFTs, clarifying the 'entanglement tsunami' concept. While the tsunami shows non-local entanglement growth, the contour shows local propagation. We then extend this",ai
"We find the best rates for a single use of entanglement manipulation operations that barely create new entanglement. These optimal rates for entanglement concentration and spreading are linked to maximum and minimum relative entropies of entanglement, and two measures of entanglement robustness. This gives a practical interpretation to these entanglement measures. Additionally, considering many identical copies of the shared entangled state, we partly confirm the recent discovery that entanglement manipulation is reversible under operations that don't",ai
"We show that non-linear entanglement witnesses can effectively detect entanglement in complex, hyper-entangled states. We prove this using a two-photon experiment on a linear optics platform. Unlike traditional methods needing multiple copies of entangled states, our approach requires just one copy of the hyper-entangled state. This method speeds up entanglement detection and offers a practical way to test non-linear entanglement witnesses.",ai
"Partial entanglement teleportation involves sending one particle of an entangled pair through a quantum channel, akin to a quantum swap. We study this in a noisy environment, using the Werner-state model for simplicity. To understand many-body teleportation, we measure correlation information transfer and entanglement. Key findings: the more entangled the initial state, the lower the fidelity for a given channel entanglement. However, the entangled channel always transfers some entanglement to the final state.",ai
"This study explores quantum entanglement's monogamy (a property where entanglement between two particles reduces when a third is included) from a geometric perspective. It treats entanglement as a geometric structure within quantum systems, with all entanglement properties emerging from this 'geometry of entanglement'. The work suggests a general, inherent monogamous relationship exists, tied to a specific entanglement measure, Q*. The study suggests understanding monogamy by comparing the dimension dependencies of measures Q and Q*. It supports this conjecture by explaining two known monogamy properties geometrically.",ai
"Entanglement swapping, crucial for distributing entanglement in quantum devices, is studied for both pure and noisy systems. We compare different entanglement measures. For initial states with maximum entanglement and measurements in the Bell basis, the average entanglement (using concurrence or negativity) of final states equals the product of initial states' entanglement. However, this isn't true for non-maximally entangled initial states.",ai
"As quantum entanglement degrades over distance, maintaining its purity in communication is a challenge. Here, we present a novel amplifier using one-dimensional photonic crystals, akin to classical relay stations. We discovered that as two- and three-photon entangled states traverse this crystal, their entanglement strengthens, enabling long-range quantum communication.",ai
"In loop quantum gravity, ""spin network states"" connect quantum geometry fluctuations at different points, via ""intertwiner entanglement."" This entanglement, invariant under gauge transformations, arises from quantum superpositions of spins and intertwiners. Bipartite entanglement suggests distance, while multipartite entanglement hints at quantum geometry's curvature. This study explores how entanglement changes when the ""holonomy operator"" acts, which drives loop quantum gravity's dynamics. We find that entanglement excitation relates to holonomy operator dispersion, bridging bulk geometry with boundary",ai
"I explore using entangled particles to verify identity over a quantum channel. By leveraging entanglement, we can create reusable authentication tokens. I also consider the task of approximating a target entangled state using local actions and classical communication, given an initial shared entangled state.",ai
"Quantum entanglement is a fundamental aspect of quantum mechanics and quantum information. This study explores the concept of ""entanglement witnesses,"" which detect entangled states. We demonstrate that entangled states can act as ""super entanglement witnesses,"" while separable states can act as ""super super entanglement witnesses,"" witnessing other observables. We reveal a hierarchical structure of witnesses, suggesting they are ubiquitous. We also characterize entangled states as super entanglement witnesses. This role leads to a finding: the question of when different entanglement witnesses detect the same entangled state is equivalent to",ai
"Entanglement witnesses are a powerful tool for detecting entanglement in quantum systems. Nonlinear witnesses outperform linear ones, detecting a broader range of entangled states. However, both types rely on measurement devices, which can lead to false positives due to imperfections. Measurement-device-independent (MDI) witnesses, especially for linear cases, offer a solution. Here, we introduce MDI nonlinear entanglement witnesses for two types of entangled states: those failing the PPT (non-positive partial transpose) criterion and bound entangled states with positive PPT. Our MDI nonlinear witnesses confirm ent",ai
"In a Heisenberg spin chain, qubit entanglement (linked states) is caused by quasiparticle excitations and connected to the Bethe Ansatz (a mathematical method) of eigenmodes. A suppression of entanglement, called ""entanglement quenching,"" is mediated by Goldstone magnons (low-energy quasiparticles). Scattering states (interactions) have short-range entanglement, while bound states (paired particles) have complex long-range entanglement structures.",ai
"Introducing classical fields, we can transfer entanglement from discrete qubits to entangled coherent states, and retrieve it back to atomic qubits. Postselection allows for full transformation between atomic and coherent state entanglement.",ai
"We calculated the entanglement cost and distillable entanglement of states residing in symmetric subspaces, providing both general formulas and applying these to the outputs of optimal cloning machines. Notably, in certain scenarios, the optimal n-to-m cloning and true m-copy states match in entanglement measures. Yet, they differ in the error exponent of entanglement dilution. We also introduced a general theory of entanglement dilution applicable to any non-i.i.d sequence of states.",ai
"Entangled coherent states help assess the entanglement fidelity of a device meant for teleporting coherent states. This fidelity is universal, applicable to any coherent state teleportation. However, average fidelity is misleading; high average fidelity doesn't guarantee good entanglement fidelity for both modes of the two-mode entangled state.",ai
"An ""entangler"" gate converts certain product states into entangled ones. A ""universal entangler"" can create entanglement from any product state, making it a potent tool for quantum computing and information tasks. This study shows such a gate always exists, except in a specific, degenerate case. However, finding a universal entangler is still an open problem.",ai
"In standard particle entanglement, swapping a boson is like swapping non-identical particles. However, fermions (like electrons) have a parity rule that limits this. Still, using ""second quantization"" (where local modes act like qubits), we found that two entangled spinless fermion modes can ""teleport"" a single local fermion mode and perform ""dense coding,"" similar to bosons. We can also ""concentrate"" and ""dilute"" fermion entang",ai
We create a method to generate an entangled four-photon state from two pairs of entangled two-photon states. This four-photon state is equivalent to the quantum state of two maximally entangled spin-1 particles. Our method can also create entangled states with 2N photons from N pairs of entangled two-photon states. These multi-photon states are vital for testing quantum mechanics and in quantum information and computation processes.,ai
"Using entanglement measures and Bell's inequality, we found that four-qubit entangled states violate Bell's inequality completely. Plotting entanglement measure against Bell operator expectation value, we saw that entanglement first drops, then smoothly rises as quantum violation increases.",ai
"Entanglement, a key quantum phenomenon, enables unique correlations in quantum systems. It's crucial in quantum teleportation, cryptography, and key distribution. This paper introduces 'entangled hypergraph' and 'evolving entangled hypergraph' to model entanglement-based quantum protocols. We illustrate this with examples.",ai
"Measuring entanglement in quantum systems is crucial for understanding its role in quantum information processing. Many measures exist, but a good one should clearly distinguish entangled from separable states, remain unchanged under local transformations, decrease under local operations and classical communication, and be convex. However, these criteria might not be enough for multi-party systems. Thus, when defining a measure for multipartite entanglement, we should consider the usefulness of quantum states in multi-party quantum information processing. Here, we introduce new measures for this purpose.",ai
"Quantum entanglement is key to the quantum internet's interconnected networks. A major challenge is distributing this entanglement, crucial for future quantum networking. We introduce a method called 'opportunistic entanglement distribution'. This method selects quantum nodes where a cost function reaches a local minimum, considering the error patterns in local quantum memories and the predictability of entanglement fidelities' evolution. Our approach efficiently distributes entanglement.",ai
I demonstrate that photon pairs in Bell's theorem tests aren't truly entangled. I propose the correct entangled state and two experiments to verify it.,ai
"Black holes and thermodynamics: Recent findings suggest a deep link between gravity, thermodynamics, and quantum physics. If black holes indeed behave like natural thermodynamic systems, they should be stable under ideal conditions. Here, we examine if black hole remnants from binary black hole (BBH) mergers, observed by LIGO, Virgo, and KAGRA detectors, are thermodynamically stable. Using data from the GWTC-3 catalog, we check if the final spin ($a_f$) of these remnants meets the stability criterion: $a_f > 0.68$.",ai
"In a simplified AdS black hole model, we treat the negative cosmological constant as a pressure. We derive expressions for black hole mass, volume, entropy, and temperature, using modified Chaplygin gas thermodynamics. We solve Einstein's field equations for this system, finding a new AdS black hole solution. We analyze the energy conditions of the source fluid and demonstrate that this black hole can function as a heat engine. We then calculate the work done and its efficiency in this system.",ai
"Bekenstein and Hawking compared black hole laws to thermodynamics, suggesting black holes have entropy and temperature like other systems. This hints at a link between gravity and thermodynamics. We'll explore arguments for interpreting gravity as a thermodynamic theory.",ai
"We study two types of black holes: Kiselev (flat) and Taub-NUT (not flat). We calculate key thermodynamic properties like temperature and entropy at their event horizons. We also find their heat capacities to analyze stability, and estimate their radiation emission rates. We visualize these data and compare the thermodynamics of both black hole types, noting a significant transition.",ai
"Black hole thermodynamics, when compared to laboratory thermodynamics, finds that some fundamental assumptions, necessary in lab experiments, don't apply to black holes. This raises the question: do black hole thermodynamics' key theorems (like Carnot's theorem and entropy laws) still hold, given their proofs rely on assumptions that don't apply to black holes? This paper seeks to clarify this complexity and suggest a suitable set of assumptions for black hole thermodynamics, providing a solid foundation for this field as a phenomenological study.",ai
"We examine black holes' thermodynamic stability using horizon thermodynamics, a theory that only considers five key variables: energy (E), pressure (P), volume (V), temperature (T), and entropy (S). Unlike conventional thermodynamics, we don't need to specify matter fields that might influence pressure. In scenarios with matter, we find the equation of state: P = P(V, T). By calculating heat capacity at constant pressure and Gibbs free energy, we analyze black holes' local and global thermodynamic stability. Our findings show that for black holes in general relativity, P > 0 is a crucial requirement",ai
"This study examines how space noncommutativity affects the thermodynamics of a Reissner-Nordström black hole. First, we adapt the Bekenstein-Hawking formalism to charged black holes in normal space. Then, we explore how space noncommutativity and the generalized uncertainty principle influence the thermodynamics of these charged black holes. Lastly, we compare the thermodynamics of charged black holes in commutative space with those of Schwarzschild black holes in noncommutative space, exploring potential connections",ai
"I discuss recent work with Mike Appels and David Kubiznak on the thermodynamics of black holes in motion. I begin by explaining the geometry of these black holes, highlighting the conical deficit that makes them accelerate. I then show how to include the tension of this deficit in thermodynamics, introducing a new thermodynamic variable: the conjugate thermodynamic length. Lastly, I detail the thermodynamics of slowly accelerating black holes in anti-de Sitter spacetime.",ai
"We examine a standard black hole in f(R) gravity. Its entropy, slightly varying around stability, is calculated. We explore its geometric thermodynamic properties, focusing on the curvature scalar's role in phase transitions. Additionally, we study how modified parameters affect black hole thermodynamics.",ai
"This review explores recent advancements in the thermodynamics of black holes, focusing on higher-dimensional, rotating objects in flat and AdS spaces, and black rings. It interprets the cosmological constant as thermodynamic pressure and treats it as a variable. We study these black holes in a fixed angular momentum ensemble, analyzing the Gibbs free energy to potentially identify phase transitions. Our findings reveal that multiply-rotating Kerr-AdS black holes exhibit complex thermodynamic behaviors, mirroring those of everyday substances like multicomponent liquids, such as reentrant phase transitions.",ai
"In a five-dimensional Schwarzschild-de Sitter black hole study, we defined two temperatures using standard and Bousso-Hawking normalizations. Using the first law of thermodynamics, we calculated various thermodynamic properties. The two temperatures suggested that the Nariai black hole is thermodynamically unstable. However, the standard normalization appears favored in black hole thermodynamics, not the Bousso-Hawking normalization.",ai
"We studied how thermodynamic properties of black holes vary with the chosen statistical ensemble for a specific class of Einstein-Maxwell-Gauss-Bonnet black holes with a cosmological constant. Using partial Legendre transformations, we compared results across different ensembles, finding that the phase transition structure depends on the chosen thermodynamic potential. This suggests that thermodynamic metrics that are only partially Legendre invariant are unsuitable for describing black hole thermodynamics, and explains why a specific thermodynamic metric has been predominantly used in black hole geometrother",ai
"In a generalized Randall-Sundrum braneworld, the thermodynamics and phase transitions of charged RN-AdS and rotating Kerr-AdS black holes are studied using thermodynamic geometry. The study explores their thermodynamics, stability, and phase structures in both canonical and grand canonical ensembles. Thermodynamic curvatures are calculated and examined against thermodynamic variables. Notably, the phase structures depend on the braneworld parameter for these AdS braneworld black holes.",ai
"New rotating black hole solution found in 3D gravity with a scalar field. The solution's scalar potential, $V(\phi)$, and scalar field parameter $B$ are linked to the black hole's size. The first law of thermodynamics holds. A Hawking-Page transition to thermal radiation and a phase transition to rotating BTZ black holes are observed. In the latter, BTZ black holes consistently have lower free energy, making them thermodynamically favored.",ai
"This framework combines non-equilibrium thermodynamics of glasses with that of isolated black holes. It demonstrates that the first and second laws of black hole dynamics and thermodynamics align, while the third laws address distinct concerns.",ai
We examine black holes in EGB theory: charged EMGB black holes and Yang-Mills black holes. Their thermodynamic geometry is explored using modified entropy in Gauss-Bonnet theory.,ai
"We explore a process in Kerr black holes where heat flows from the inner horizon to the outer horizon, stabilizing the black hole's thermodynamic state. We assume emission of gravitational quanta and calculate the final extremal black hole's mass.",ai
"We found a precise solution for a static black hole in a theory with a scalar field nonminimally coupled to gravity, and a power-law Maxwell field coupled to gravity. We explored this solution, considering the black hole could have topological features. We also studied black hole thermodynamics, calculating entropy using Wald's method.",ai
"I explain why black holes can be considered complete thermodynamic systems, using simple terms for students and non-experts, without requiring advanced knowledge of quantum gravity. I focus on: (1) the clear definition of 'adiabatic' actions in classical black hole thermodynamics; (2) how the 'membrane paradigm' makes black hole thermodynamics precise and applies it to local-equilibrium situations; (3) the crucial role of Hawking radiation in enabling black holes to interact thermally; (4) the many ways to calculate Hawking radiation and its impact on black holes; (5) the meaning",ai
"We investigated the thermodynamics of the Ayon Beato-Garcia black hole, focusing on how photon orbits relate to its thermodynamic phase transitions. We used Ruppeiner geometry to analyze the interactions among the black hole's microstructures. Below a critical point, the radius of photon orbits and minimum impact parameter change non-linearly, mirroring the behavior of Hawking temperature and pressure in extended thermodynamics. These changes act as order parameters during phase transitions, with a critical exponent of $1/2$. Our findings suggest a strong link between gravity and thermodynamics in the Ayon Beato-G",ai
"We analyze thermodynamic properties of an acoustic black hole in a cavity using the generalized uncertainty principle. We find a minimum stable black hole remnant and also confirm stability for large black holes, suggesting potential decay paths towards either.",ai
"Adding a charged particle to a 2+1D charged black hole boosts its entropy, upholding the second law of thermodynamics. This change is reflected in the black hole's mass, satisfying the first law. When testing with an extremal black hole, the mass increase outpaces the charge, confirming the outer horizon's persistence. However, the black hole's state shifts from extremal to non-extremal.",ai
"Black hole mergers, observed through gravitational waves, allow testing the second law of black hole thermodynamics. We explain how to calculate a black hole's entropy and use LIGO/VIRGO data on masses and spins from past mergers to test this law numerically. Additionally, we examine the mathematical relationship between initial merger parameters to confirm the law's universality.",ai
"I match the thermodynamics of extremal Kerr-Newman black holes to a two-dimensional Fermi gas, where both exhibit membrane-like behavior. The key is the thermodynamic curvature scalar R, typically negative for usual systems, but mostly positive in these cases.",ai
"We study the thermodynamics of a noncommutative black hole, resembling the nonsingular de Sitter-Schwarzschild black hole. Extremal black holes leave behind stable remnants. We describe their evaporation using a noncommutativity-corrected Vaidya metric, finding a strong link between thermodynamics and the evaporation process.",ai
"Black hole ""masking"" occurs when mass and temperature data could represent either a pure black hole or a smaller black hole with a heavy shell. This matches the thermodynamic behavior of a black hole in a confined space: masking occurs when there's at least one locally unstable black hole solution in the system.",ai
"We investigated the thermodynamics and state space geometry of regular black holes like Bardeen, Ayón-Beato-García, Hayward, and Berej-Matyjasek-Trynieki-Wornowicz. All exhibited second-order phase transitions, seen as heat capacity-entropy graph discontinuities and free energy-temperature graph cusps. Geometrothermodynamics confirmed these transitions via heat capacity singularities.",ai
"In D dimensions, Schwarzschild black hole entropy equals the entanglement entropy of a boundary in global $AdS_2$ at infinity. By reducing General Relativity to 2D, we obtain 2D dilatonic gravity, which has black hole solutions mirroring D-dimensional Schwarzschild black holes' thermodynamics. A Weyl transformation, a symmetry preserving thermodynamics, converts these dilatonic black holes into specific $AdS_2$ black holes. In the far limit, these become global $AdS_2$, described by two entangled $AdS_2",ai
"In modified gravity theories, we explore black hole definitions from a thermodynamic perspective.",ai
"We connect various black hole solutions near their event horizons to those in two-dimensional dilaton gravity theories to suggest that black holes in 4 or more dimensions can be effectively described by 2D dilaton gravity's black hole thermodynamics. We prove that the entropy of single-charged dilatonic black holes and p-branes in any dimension, with any dilaton coupling, matches the entropy of the corresponding 2D black hole. We note that even complex stringy black holes with multiple charges might be simplified and understood using this 2D dilaton gravity approach.",ai
"Simplified Version:

The Lovelock theory of gravity involves higher-dimensional structures. In this theory, black holes can have complex geometries and horizons, but some key properties, like mass, temperature, and entropy, can be simplified using the horizon's radius. When the black hole's horizon is flat (Ricci flat), the math is especially straightforward. These black holes are always thermodynamically stable, have a positive heat capacity, and their entropy follows the familiar area formula. However, this formula doesn't hold for black holes with horizons that have constant positive or negative curvature. In a nutshell,",ai
"Recent findings suggest that quantum effects, manifesting as thermal fluctuations, alter the entropy of black holes by an exponential factor. This study investigates how this modification affects the mass and other thermodynamic properties of black holes. The Schwarzschild black hole's mass is found to decrease due to these fluctuations. To explore this further, we calculate the partition function and examine the exponential-corrected thermodynamics and statistics of black holes. Our analysis reveals a specific condition for the event horizon radius to maintain the Smarr-Gibbs-Duhem relation under quantum corrections. Notably, while the Schwarzschild black hole is typically unstable",ai
"In this study, we explore the thermodynamic critical behavior of charged Anti-de Sitter (AdS) black holes in a novel context. We find that when the total charge squared is treated as a thermodynamic variable, these black holes exhibit van der Waals-like criticality, even without considering pressure and volume. Using this insight, we analyze the intricate phase structures of charged AdS black holes with a fixed AdS background. We provide precise, analytical phase diagrams, addressing a previous gap in understanding these black hole phase transitions.",ai
"In our research, we examine the thermodynamic properties of a black hole, specifically within the framework of Hořava-Lifshitz (HL) gravity, without the detailed-balance condition. Here, the parameter $\Xi = \epsilon^2$ acts similarly to the electric charge in a Reissner-Nordström-AdS (RN-AdS) black hole. Treating $\Xi$ as a thermodynamic variable, we derive the first law of thermodynamics for the HL black hole. Despite similar mass and temperature, the HL and RN-AdS black holes have distinct thermodynamic",ai
"Recent research focuses on the thermal properties of black holes, particularly regular ones like Hayward Class and asymptotically AdS (Anti-de Sitter) black holes. Key aspects studied are surface gravity and Hawking temperature at the event horizon. For asymptotically AdS black holes, we examine both thermodynamic volume and naive geometric volume, finding that entropy is their volume ratio. Graphs are plotted and analyzed. The 'cosmic censorship inequality' is derived for both types of black holes. Additionally, we compute the thermal heat capacity and investigate the stability of these black holes under varying conditions.",ai
"In a cavity, black holes efficiently reach thermodynamic equilibrium. We examine a rotating, charged Kerr-Newman black hole and compare it with simpler cases: a charged Reissner-Nordström (RN) black hole and a rotating Kerr black hole, all within a cavity. We derive the quasi-local energy from the Hamiltonian and formulate the first law of thermodynamics. In a canonical ensemble, these black holes can exhibit a van der Waals-like phase transition, much like those in AdS space. We also explore the black holes' thermodynamic geometry, a useful tool for understanding microscopic interactions in thermodynamic systems.",ai
"In this study, we explore the thermodynamics of charged Anti-de Sitter (AdS) black holes with a global monopole, a topic still not fully understood. We examine these black holes in an extended phase space, finding that their thermodynamic properties depend significantly on the internal global monopole. These properties align with the first law of thermodynamics and the Smarr relation. Further analysis shows that these black holes experience a phase transition at a critical point, similar to a Van der Waals liquid-gas system. This work illuminates how a global monopole influences the thermodynamics of AdS black holes",ai
"Black holes, when compared to classical thermodynamic systems, show remarkable similarities between their mechanical laws and thermodynamic laws. After Hawking's discovery of black hole radiation, the idea that black holes are legitimate thermodynamic entities with a specific entropy gained traction. However, arguments supporting this idea are few and often unconvincing, primarily relying on controversial information-theoretic interpretations of entropy. We will examine some key arguments attempting to equate black hole event horizons with thermodynamic surfaces.",ai
"AdS Black Holes: A New Thermodynamic Geometry Approach

In AdS spacetime, entropy and volume of spherically symmetric black holes aren't independent, causing issues when applying Ruppeiner's thermodynamic geometry theory. We propose a simple method to tackle this, suggesting that enthalpy, not internal energy, is the key thermodynamic function for this geometry.",ai
"Revised Text (121 words):

This paper introduces a novel perspective on black hole thermodynamics, incorporating irreversibility using thermodynamic optimization and finite-time thermodynamics. This approach is valuable in both physics and engineering, merging standard thermodynamics with optimal control theory to find practical, microphysics-agnostic process optimizations. We establish general limits on the maximum work and efficiency of black hole processes, using only equilibrium thermodynamic relations. These finite-duration bounds are more realistic and restrictive than reversible counterparts. To demonstrate, we examine a specific process in detail.",ai
"In the last three decades, research in general relativity has suggested a profound link between gravity, thermodynamics, and quantum theory, particularly in black hole thermodynamics. Here, laws governing black holes mirror those of thermodynamics. This article summarizes current understanding and addresses unresolved questions in these fields.",ai
"In some black hole thermodynamics models, the first law includes a pressure term. Here, entropy follows the area law, but energy isn't equal to mass. If pressure is divided into two parts and combined with original quantities, energy becomes equal to mass, and area-law entropy becomes the corrected Wald entropy.",ai
"We investigated the thermodynamic properties of Reissner-Nordström-de Sitter and extremal black holes (like de Sitter coupled to a scalar field, or MTZ black holes). Both exhibited unusual behaviors, but thermodynamic geometry provided consistent explanations.",ai
"Interpreting the cosmological constant $\Lambda$ as a pressure in black hole thermodynamics reveals a complex structure. $\Lambda$ is seen as pressure, and its conjugate is the thermodynamic volume. Recent advancements explore this new perspective.",ai
"In our study, we examine the behavior of charged black holes in AdS spacetime, influenced by nonlinear electrodynamics. We treat the cosmological constant as pressure and the black hole mass as enthalpy, finding parallels with Van der Waals' liquid-gas system. We introduce new thermodynamic variables tied to the NED coupling and magnetic charge. Our work shows that black hole thermodynamics and the Smarr relation hold under these conditions.",ai
"In Hořava-Lifshitz (HL) gravity, we examine the stability and criticality of black holes without the detailed-balance condition, using horizon thermodynamics. This approach doesn't require specific black hole solutions or matter fields. We find that HL black holes with $k=0$ are always thermodynamically stable. For $k=1$, their behavior and $P-V$ criticality resemble those of Reissner-Nordström-AdS (RN-AdS) black holes for certain $\epsilon$. For $k=-1$, we focus on a type of black hole with a tri",ai
"In the study of black holes, there's interest in how thermodynamics relates to the ""Lloyd bound"" on holographic complexity. We examine black holes in $D$ dimensions, with hyperbolic geometry and those that have a minimal temperature and mass due to momentum relaxation. Our findings show that the ""turning points"" in the thermodynamic curvature of these black holes, as systems, match the points where the action and volume complexity hit zero at the Lloyd bound. For single-horizon black holes, the complexity of volume and action are zero at minimal mass and temperature, respectively. We observe that",ai
"Entanglement entropy, a measure of information loss, is used to build 'entanglement thermodynamics' for a simple field in different spacetimes. This helps understand black hole thermodynamics' statistical roots. Unlike Minkowski spacetime, black hole thermodynamics is closely linked to entanglement thermodynamics in Schwarzschild and Reissner-Nordstr{\""o}m spacetimes.",ai
"The charged Banados-Teitelboim-Zanelli (BTZ) black hole, due to its unique structure, can be analyzed under two different thermodynamic scenarios. In one, it's super-entropic, while in the other, it's not, with the reverse isoperimetric inequality being saturated. This paper explores the thermodynamic curvature of this black hole in various coordinate systems. It concludes that regardless of the scenario, the thermodynamic curvature is always positive. This could potentially indicate repulsive interactions between black hole molecules, based on an assumed relationship between thermodynamic curvature and system interactions. Notably, the paper also",ai
"We study two-dimensional dilaton gravity models with a power-law dilaton potential. These models have black hole solutions including dimensional reductions of the Schwarzschild black hole, Anti-de Sitter black hole, and Rindler spacetime. We find that the ground state of these models follows simple transformation rules under the SL(2,R) conformal group. Using these rules, we explain the scaling behavior of the black hole's thermodynamical parameters and the non-extensivity of the thermodynamical system",ai
"In gravitational physics, we examine the impact of CPT violation on gravitational waves, specifically their birefringence. CPT violation causes a phase difference between two circular polarization states of gravitational waves, leading to their birefringence. We calculate the corrected gravitational wave signal and estimate potential constraints from Advanced LIGO, Einstein Telescope, and LISA.",ai
"In the areas around merging neutron star binaries or supernova remnants, gravitational waves can interact with strong magnetic fields. This interaction may partially convert gravitational waves into electromagnetic (radio) waves, offering a potential indirect detection method. Additionally, gravitational waves passing through plasma can excite magnetosonic waves, potentially fueling the intense electromagnetic 'fireball' seen in gamma ray bursts. The article also presents a mathematical relationship (dispersion relation) describing these magnetosonic waves driven by a gravitational wave.",ai
"The text describes how electromagnetic waves behave when a weak gravitational wave passes by. It provides formulas for ""Stokes parameters"" - measures of light's polarization. When a specific type of gravitational wave (described by the Ehlers-Kundt metric) passes, the axis of the light's polarization ellipse moves back and forth, but its shape remains unchanged.",ai
We provide an alternative method to derive a gravitational clock compass and demonstrate its use in detecting gravitational waves. We specifically design compass setups in specific space-time scenarios: exact plane gravitational waves and radial waves relative to an observer.,ai
"In the second-order approximation, we find a relationship between the two polarization modes of a plane, linear gravitational wave. These modes aren't independent; thus, a initially periodic wave becomes non-periodic due to the nonlinear Einstein field equations. This means real gravitational waves might differ from the linearized solutions used in current detectors.",ai
"Simplified:

Gravitational wave detectors, like LIGO and LISA, are often explained using complex, unphysical quantities called metric perturbations. This can lead to incorrect analogies and misunderstandings about how these detectors work and what gravitational waves really are. Instead, we'll describe the detector responses using the Riemann curvature, a physical quantity that accurately describes gravitational waves.",ai
"In a gravitational wave, electromagnetic waves' physical properties are studied. Formulas for light polarization are derived. A specific case of constant-amplitude gravitational waves is calculated.",ai
"In the theory of General Relativity, gravitational waves are studied using a method called teleparallelism. This involves cylindrical and spherical waves, and the key properties are conserved. These include energy, momentum, and angular momentum, all of which remain constant. This consistency aligns with previous findings. Additionally, the fluxes and pressure associated with these waves are calculated.",ai
"Gravitational waves from various sources may create a background hum. Some cosmic models might produce circularly polarized waves. We examine how advanced detectors (Einstein Telescope, Cosmic Explorer) could limit this background, specifically from early universe axion inflation.",ai
"First-generation gravity-wave detectors could potentially detect relic gravitational waves due to their anticipated amplitudes, spectral slopes, and unique squeezing-related correlations.",ai
"Proposed is a method to measure second-order correlations in gravitational wave detector signals, using a spectrum analyzer. This could enhance detection of periodic gravitational waves, offering an alternative to current techniques.",ai
"We explore using matter-wave interferometers, which use atom beams and standing light waves, to detect gravitational waves. Our calculations show that the key phase shift is largely influenced by the rate of change of the gravitational wave's amplitude. With technological advancements, such a detector could achieve the desired sensitivity.",ai
"The Laser Interferometer Gravitational-Wave Observatory's (LIGO) direct detection of gravitational waves marks the dawn of gravitational-wave astronomy and cosmology. More detections are expected from existing and planned detectors. Gravitational waves offer a novel way to investigate the universe, with various mysteries unveiling through their detection combined with other cosmic probes. Gravitational-wave physics connects not only to gravity theories but also to fundamental physics, cosmology, and astrophysics. This review will discuss three types of gravitational wave sources and their relevant physics: those created during the universe's inflation and pre",ai
"Using spinorial math, any electromagnetic wave can be converted into a gravitational wave (in simplified gravity). This lets us find gravitational versions of Bessel, Laguerre-Gauss, and other light beams carrying orbital angular momentum.",ai
"Exploring atom interferometers' potential to detect gravitational waves, we examine how these waves interact with such devices and consider various approaches.",ai
Gravitational waves are ripples in space-time caused by moving massive objects.,ai
"Gravitational waves, passing by, cause no observable local geometric changes. We studied how electromagnetic waves behave in these waves' presence. We found that these waves' lengths expand and contract with the objects they interact with. The gravitational wave background causes electromagnetic waves to lose energy (dissipation) and spread out (dispersion) as they travel. The phase of the gravitational waves controls these dissipation and dispersion effects. A linearly polarized laser beam moving towards incoming gravitational waves could potentially measure local metric changes. When pulsed waves pass, the relaxation time is a key factor.",ai
"In a Michelson interferometer, photon movement is examined using both geometric optics and wave optics. In a gravitational wave background, photon paths are calculated using Fermat's principle, which aligns with null geodesics in general relativity. The modified Maxwell equations and electric field wave equations in this context are presented. Both methods reveal that the interferometer's response is influenced by the frequency of a gravitational wave but not by the frequency of mirror vibrations. This means a vibrating mirror does not effectively mimic a gravitational wave.",ai
"Gravitational waves, like light, travel along specific paths in space-time. They can be ""lensed"" by objects between us and their source, similar to how light bends around massive objects. The long wavelength of these waves and the compactness of potential sources could allow us to gather information from the interference patterns of the lensed waves. Notably, these patterns hold details about the relative sideways speed of the source, lens, and observer, which could potentially be measured by future space-based",ai
"In Spinor Theory of Gravity, we study gravitational waves and compare them with General Relativity. STG predicts a wave when its induced metric is Ricci flat.",ai
Table lists current and planned laser-interferometer gravity wave detectors' locations and orientations.,ai
"We studied how high-intensity lasers interact with matter, focusing on ablation and piston models, to generate gravitational waves. We analyzed these waves using linear gravitational theory, deriving formulas for metric perturbations and radiated power. We also explored polarization characteristics and test particle behavior, crucial for detection.",ai
"Gravitational waves can bend light, causing a displacement in its path even if the final and initial directions align. This effect is calculated for a plane gravitational wave pulse. Observational estimates are discussed.",ai
"Goryachev et al. [1] recently observed two significant events in their Bulk Acoustic Wave High Frequency Gravitational Wave Antenna, suggesting high-frequency gravitational waves as a possible cause. However, we show these events are unlikely due to gravitational waves. Firstly, the inferred gravitational-wave energy density, $\Omega_{\rm gw}\approx 10^8$, would be $10^8$ times the universe's closure density. Secondly, any high-frequency gravitational wave source would produce a low-frequency memory signal visible to LIGO/Virgo as a very loud transient burst.",ai
"Space-based gravitational-wave detectors could test key aspects of general relativity, like extra gravitational fields, gravitational-wave polarization, wave speed, binary evolution, merger waves, and black hole nature. This significant science potential urges the quick development of such detectors, offering a wealth of astrophysics, astronomy, and cosmology insights.",ai
"Gravitational wave research is poised to directly detect the waves Einstein's theory predicted, marking the start of gravitational wave astronomy. Over the next few decades, advanced ground and space-based sensors will explore the cosmic gravitational wave landscape, revealing unknown phenomena and deepening our understanding of major astrophysical events. In 2007, the Gravitational Wave International Committee (GWIC) began a 30-year plan to guide this field's growth, aiming to help the global gravitational wave community build necessary facilities and tools.",ai
Soliton waves from early universe's gravity inhomogeneities can stretch cosmic distances.,ai
"Gravitational waves from collapsing massive stars have been studied for over 30 years. Modern simulations consider realistic spinning stars, accurate physics, general relativity, and 3D effects. These predict that waves from collapse events could be detected by advanced ground and future space-based detectors.",ai
"Scientific literature has differing views on how gravitational waves affect the polarization of light. A simplified approach, considering light's path in a gravitational field, re-evaluates this. It's found that, for typical gravitational waves, the effect is negligible or zero, except possibly at wave boundaries.",ai
"New methods for detecting gravitational waves involve modifying the traditional Michelson phase shift analysis. We propose that a frequency modulation analysis, based on general relativity, is more suitable. A photon encountering a very long-wavelength gravitational wave may be reflected with a frequency shift equal to the gravitational wave's frequency. This effect arises from the interaction between electromagnetic and gravitational waves, derived from the Maxwell-Einstein equations.",ai
"The initial gravitational wave detectors have operated at or near their designed sensitivity. They've been scanned for various gravitational wave signals. Methods and results of these searches are summarized, including those for unidentified bursts, merging binaries, steady waves, and cosmic backgrounds.",ai
"We study how gravitational waves affect electromagnetic waves using general relativity's perturbation theory. Our analysis is coordinate-independent and calculates, for any observer, how gravitational waves alter light's phase, amplitude, frequency, and polarization (ellipse axes and ellipticity) in the geometrical-optics limit. We explore how to measure gravitational waves using Stokes parameters, displaying antenna patterns to show when gravitational wave signals can be detected.",ai
"Gravitational waves' quantization is testable via correlation measurements. If waves are quantized and metric changes cause them, they might be in a 'squeezed state', where phase and quantum fluctuations are correlated. Analyze detector data for these correlations. A formula for the squeezing parameter of these waves is derived. Head-on collisions of identical black holes could produce such squeezed waves.",ai
"We analyze the detectability of circularly polarized gravitational waves (GWs) from sources like supermassive black hole binaries, cosmic strings, and early universe inflation using pulsar timing arrays. We compute overlap reduction functions for these circularly polarized GWs. While an isotropic GW background's polarization remains undetectable, an anisotropic one may allow polarization detection. We also demonstrate how to distinguish polarized GWs from unpolarized ones.",ai
"Using squeezed light states and balanced homodyne detection can improve gravitational wave detection. By injecting squeezed vacuum into the 'dark' port of a Michelson interferometer, quantum noise from high laser intensities can be reduced. Quadrature balanced homodyne detection enhances this method's effectiveness for detecting gravitational waves.",ai
"Einstein's theory of general relativity suggests that pressure, along with energy density, can cause gravity. The source of this gravity, known as active gravitational mass density, isn't conserved, so changes in it can create monopole gravitational waves. These waves can only be produced by astrophysical objects with changing mass. In our study, we find that relativistic fireballs, used to explain gamma-ray bursts, likely emit these waves due to high-pressure plasma with varying mass. Additionally, the expulsion of a significant initial mass-energy from the source contributes to these gravitational waves. We link these monopole",ai
"Scientists aim to confirm that black holes in the universe match the Kerr solution, a key part of Einstein's theory. This report updates progress using X-ray astronomy, gravitational lensing, stellar tidal disruption events, superradiance, and gravitational-wave observations of merging black holes.",ai
"In gravitational lensing, we use wave optics to form images. By applying the Fresnel-Kirchhoff formula to waves scattered by a lens's gravitational potential, we derive images directly from wave functions, bypassing the need for a lens equation.",ai
"A high-power laser interacting with matter can create shock waves that generate gravitational waves. We've simplified the math to find formulas for these waves' strength and power. We also looked at how these waves affect light and matter, which is crucial for detection.",ai
"We study how gravitational waves interact with dust, exploring if they lose strength (damp) as they pass through dusty or molecular environments, a key factor in gravitational wave astronomy where sources can be obscured.",ai
"Gravitational waves, predicted by Einstein's theory of relativity, have been indirectly proven by the orbital decay of the Hulse-Taylor binary pulsar. Now, scientists worldwide are trying to directly detect these waves using interferometric observatories. Initial detectors have reached their design limits, and construction is underway for advanced versions expected to detect waves from astrophysical events. The field of gravitational wave astronomy is now active. This article discusses these global efforts.",ai
"In a double inflation model, we simulate the creation of gravitational waves using a lattice method. During the transition between two phases of inflation, gravitational waves with a specific frequency are generated by fluctuations in scalar fields, amplified by a process called parametric resonance. These waves' wavelengths stretch further during the second inflation phase, potentially entering the detectable range of current gravitational wave detectors. Our findings suggest that these gravitational waves might be detected in upcoming experiments.",ai
"In the early universe, primordial gravitational waves at ultra-low frequencies could have formed during inflation. Detecting these waves is crucial to validate the inflation theory and determine the energy scale of inflation. Currently, the B-mode polarization of the cosmic microwave background is a promising method to detect these waves. We suggest an alternative detection method by studying the impact of ultra-low frequency primordial gravitational waves on a gravitational lens system with a misaligned source, deflector, and observer configuration. Our findings indicate that under specific parameter choices, this lensing system can effectively reveal these gravitational waves.",ai
"We studied how electromagnetic waves behave in gravitational wave fields. We began with a simple scenario of an electromagnetic wave traveling through a uniform, single-frequency gravitational wave. We introduced the ""surfing effect"" and explored its implications. We then extended this to any gravitational wave field. We found that due to gravitational waves' transverse nature, the surfing effect has significant observable impacts only if gravitational waves travel at a speed different from light. This could help set an upper limit on how much gravitational wave speed deviates from light speed. Upcoming precision interferometry experiments, with their micro-arcsecond resolution, will",ai
"Gravitational waves can bend light, similar to how gravity bends light in the context of gravitational lensing. This effect can occur even in changing gravitational fields. For multiple images to form, specific conditions must be met, similar to those in ordinary gravitational lensing. Some astrophysical sources of gravitational waves can meet these conditions, but the average gravitational wave background cannot. Although theoretically possible, observing multiple imaging caused by gravitational waves is highly unlikely.",ai
"Revised Text (109 words):

The detection of gravitational waves (GWs) by LIGO has sparked a need to revisit how these waves interact with matter. Previously, it was shown that GWs can interact with scalar and neutrino fields in flat spacetime. Here, we find that electromagnetic waves behave similarly when interacting with GWs in a flat background, which has implications for GW detectors. Since primordial GWs were created in the early universe, it's crucial to study their interactions in cosmological settings. This",ai
"Gravitational waves (GW) offer a unique tool to test astrophysical models, early universe processes, and fundamental physics, including General Relativity and quantum gravity. We'll introduce GW backgrounds and our detection method, then discuss constraints on models from non-detection. We'll also highlight GW from transient events, summarizing their physical implications.",ai
"We explore polarization of gravitational waves in the standard linearized general relativity framework, inspired by recent gravitational wave detections. We study how the spin (helicity) of these waves interacts with an observer's rotation or a rotating source's gravitomagnetic field. We also discuss potential polarization-dependent effects detectable by future gravitational wave detectors.",ai
"Gravitational waves, predicted by Einstein's general relativity, are ripples in spacetime. They're caused by massive, rapid events like merging neutron stars, black holes, supernovae, and pulsar rotations. Detecting these waves could revolutionize our understanding of the universe, opening a new field of ""gravitational wave astronomy"". To find them, we're upgrading current detectors like Advanced LIGO and Virgo, and even planning new ones like IndIGO or the Einstein Telescope, potentially including a site in",ai
"Gravitational waves from cosmic energy flows: We studied how energy flows, like the Cosmic Microwave Background (CMB) and Cosmic Neutrino Background (CνB), create ""gravitational wave memory"" – tiny, permanent changes in spacetime. We developed a theory linking this memory's strength to the energy flux. The result is a constantly changing metric tensor, which slightly alters the universe's expansion, giving it a quadrupole structure. While CMB-induced memory is too faint to detect, CνB and gravitational wave background memories might be measurable, offering a new",ai
"In cosmology, scalar fields often explain dark energy, inflation, and mimic dark matter. This paper suggests a scalar field can simultaneously replace all three by coupling non-minimally to gravity, using a Mexican hat potential, and breaking symmetry before inflation. Post-inflation, the field behaves like a dark fluid, mimicking dark energy and dark matter, resembling fuzzy dark matter.",ai
"The Large Hadron Collider (LHC) will soon explore the ""dark sector,"" with fixed-target experiments already searching for visible decays. A promising theory involves composite asymmetric dark matter interacting with the visible world through dark photons. This ""dark strong dynamics"" creates a complex dark sector where the lightest dark nucleon is the dark matter, and dark pion annihilation eliminates symmetric components. Dark photons solve cosmological issues and make dark hadrons long-lived in lab experiments, and they're produced via dark photons. This work discusses how to search for visible decays in these composite asymmetric dark matter models.",ai
"This review explores dark matter theories, focusing on sterile neutrinos and bosons like dark photons. It discusses detection methods via neutrino oscillations and searches for dark photons. The review also covers dark matter's creation via interactions with the dark energy field, and updates on current detection efforts.",ai
"Dark energy, thought to be vacuum energy, is described by a scale-dependent cosmological constant. The universe's matter density (dust) is a sum of visible (luminous) matter and invisible (dark) matter, similar to dark energy. The constant's exponent, approximated using known dark matter and energy densities, shows dark matter is consistently one-third of dark energy, offering an explanation for their ratio.",ai
"We propose a dark sector with an $SU(2)_X$ force, containing no fermions. We then mix this with the Standard Model's $SU(2)_L \times U(1)_Y$ forces in a non-abelian way. This creates a dark photon and stable dark matter particles from other dark gauge bosons. If both are detected, their nearly equal masses could be confirmed.",ai
"Current understanding of dark energy and matter's abundance and properties is summarized. A detailed look at supersymmetric dark matter is given, including a statistical method to explore its parameter space and implications for direct detection.",ai
"The paper presents a new method to combine dark matter and dark energy using a cosmic fluid model. This model defines the speed of sound in the cosmic fluid as a function of its equation of state (EoS) parameter. The logarithmic part of this function allows for new dynamic behaviors not seen in previous cosmic fluid models. Under specific conditions, the model acts as a unified representation of dark matter and a type of dark energy known as phantom energy. Additionally, the model can describe a scenario where dark energy eventually behaves like a constant EoS parameter greater than -1.",ai
"Current observations suggest the universe holds vast amounts of dark matter. Several candidates, like axions or WIMPs, have been proposed within extensions of the Standard Model. The Large Hadron Collider (LHC) could potentially discover and characterize these dark matter particles in the near future.",ai
"In recent years, scientists agree that about a quarter of the universe is made of dark matter. Evidence comes from galaxy rotations, gravitational lensing, hot gas in clusters, and early universe observations. A newer idea, ""Dark Stars,"" proposes that first stars ran on dark matter, not fusion. This could potentially help us detect dark matter.",ai
"In our cosmological model, we've considered dark energy (holographic and unknown types) interacting with dark matter. We've introduced two interaction terms, $Q$ and $Q'$, to account for scenarios where interactions between these primary components result in losses of other cosmic constituents. Our model works for any values of $Q$ and $Q'$. If $Q$ is less than $Q'$, some dark energy density converts into dark matter, with the rest going into the unknown energy density. Conversely, if",ai
"In a simplified model of dark matter interacting with the Higgs boson, we've found a unique, stable dark matter state. This state, called a 'dark matter ball', has lower energy per particle than a free particle state. Its core is in the electroweak symmetric vacuum, meaning it could form during the early universe's electroweak phase transition. These balls could be the primary form of dark matter, with energies and masses at the electroweak scale (around 100 GeV or 1 gram). They scatter strongly with nucleons and nuclei due to their electroweak-s",ai
"We estimate the masses of light dark matter particles and dark energy quasiparticles using astrophysical data on the densities of baryons, dark matter, and dark energy. Our quantum cosmological model treats dark energy as a condensate of primordial scalar field oscillations. A dark energy quasiparticle mass of ~15 GeV aligns with 7-year WMAP data. These quasiparticles can decay, violating CP-invariance, into baryons, leptons, and dark matter. A WIMP (Weakly Interacting Massive Particle) mass of ~5 Ge",ai
"We propose a new model of asymmetric dark matter, where both dark matter and lepton asymmetries are created simultaneously via a two-sector leptogenesis process. Right-handed neutrinos connect the Standard Model with a hidden sector housing dark matter. This model explains the lepton asymmetry, dark matter abundance, and neutrino masses simultaneously. Unlike previous models, it allows for a wide range of dark matter masses, from keV to 10 TeV, including very light dark matter without conflicting with experiments. We explore various model versions, showcasing interesting phenomenological aspects. One variant involves late decays",ai
"The cosmological model consists of two components: dark matter and dark energy, interacting only through gravity. In common dark energy models, dark matter comprises about 20% of today's total energy, with dark energy accounting for 75%. However, this distribution is reliable only for specific dark energy models. Generally, we can't determine the amounts of these dark components separately without making significant assumptions.",ai
"In this study, we examine the collapse of an unevenly distributed spherical star, composed of dark matter (a dust-like substance), influenced by dark energy. We analyze this collapse first considering dark matter and dark energy separately, then together with and without interaction. Dark energy is modeled as a perfect fluid, and we explore scenarios where the star is both marginally and significantly bound. Lastly, we investigate dark energy as an anisotropic fluid, finding results similar to a previous study (ref. [12]).",ai
"In inelastic dark matter (DM) models, we explore scenarios with a dark photon mediator and a dark Higgs boson. The dark Higgs gives mass to the dark photon and causes mass differences among dark particles. It can decay into these particles, potentially creating new DM sources at colliders. We study the sensitivity of the FASER 2 experiment to detect excited DM states decaying into DM and charged particles, considering both fermion and scalar DM types. We use two mass spectra examples where the excited state is produced solely from dark Higgs decay.",ai
"We explore if light dark matter can have the correct abundance through the decay of other dark sector particles. Our model includes right-handed neutrinos, a dark scalar, and a dark fermion. The heavier dark scalar decays into the lighter dark fermion, which is our dark matter candidate. We demonstrate that the dark scalar's decay can produce the right dark matter density. The dark fermion's mass can be in the GeV or MeV range, and it interacts very weakly.",ai
"We propose a new method to generate dark photons ($\gamma'$) in the early universe using axions ($a$) through a recently suggested dark axion portal. Dark photons, light gauge bosons in the dark sector, could be the relic dark matter if they live long enough. Our key process is a modified Primakoff process ($f a \to f \gamma'$), enabled by the axion-photon-dark photon coupling. Axions, being thermalized in the early universe due to strong interactions, can produce dark photons non-thermally through the dark axion portal coupling, leading",ai
"In a related study, lattice QCD methods reveal stable nuclear states in two-color, two-flavor QCD, making it a candidate for composite dark matter. This work examines early universe cosmology and indirect detection signatures for both symmetric and asymmetric dark matter, focusing on unique features from dark nuclei and their reactions. Today's dark matter could be composed of dark nucleons or nuclei, formed through dark nucleosynthesis. In symmetric dark matter, indirect detection signals are possible from dark nuclei annihilations.",ai
"A new theory proposes that the first stars in the universe, known as Dark Stars, were fueled by dark matter annihilation, not nuclear fusion. Dark matter particles, potentially their own antiparticles, gather inside these stars and annihilate, generating heat that powers the stars. This creates a unique stellar phase, sustained by dark matter fuel.",ai
"We propose a Zel'dovich-like model for the Chaplygin gas equation of state, P = -A/rho, suggesting a unified picture of dark matter and dark energy within a geometric framework akin to M-theory.",ai
"In the early universe, an energy flow birthed matter fields, dark matter, and dark energy during a phase transition.",ai
"We suggest a model for dark matter and dark radiation, using a strongly-interacting dark SU(5) gauge theory with fundamental and decuplet dark quarks. This model allows for light, electrically-neutral dark baryons that respect chiral symmetry and have electromagnetic form factors, along with a light dark axion. The interaction of dark baryons with standard model particles depends on a confinement scale, making them either hot or cold dark matter candidates. For a confinement scale around $10-10^3$ GeV, dark baryons with masses around $1$ Ge",ai
"A novel dark matter model, w-matter, is built on (f-SU(5))X(w-SU(5)) symmetry, lacking a Higgs field. All particles acquire mass through interactions. W-matter is invisible to us, and vice versa. At high energies/temperatures, they can transform into each other, appearing as non-conservation of energy due to undetectable dark matter. At low energies/temperatures, dark matter only interacts with visible matter via",ai
"The DAMA experiment's annual signal is consistent with its energy spectrum, a key test for dark matter theories. Mirror matter, a specific dark matter type, passes this test, unlike other candidates like WIMPs or mini-charged particles. Mirror matter's unique traits may fully explain the data, potentially solving the dark matter mystery.",ai
"The Generalized Chaplygin Gas (GCG) model unifies dark energy and dark matter. Without phantom-like dark energy, it uniquely separates into these components. This model avoids unphysical instabilities in structure formation. Notably, dark energy's dominance coincides with the start of non-linear evolution in energy density fluctuations.",ai
"We examine how bound state formation affects dark matter annihilation when it interacts via a light dark photon. We calculate the general cross section for forming these bound states, which depends on the dark matter's velocity and the dark photon's mass. For indirect detection, our findings indicate that dark matter annihilation within bound states can significantly boost signal rates beyond direct annihilation with Sommerfeld enhancement. This is most pronounced when the dark gauge coupling is strong and the dark photon's mass is less than the typical dark matter momentum in galaxies.",ai
"The Starobinsky inflation model is a simple yet observationally consistent theory. To account for dark matter, we added a ""dark sector"" that only interacts with the visible universe through gravity. In this model, decaying inflaton particles can create dark sector particles, which could be the dark matter. We focus on a scenario where dark matter is a composite particle, like a dark glueball, formed by dark non-Abelian gauge interactions. However, in the simplest setup, creating enough dark matter this way is challenging.",ai
"The review explores dark matter's history, from early studies to the 1980s' Cold Dark Matter model. It compares old and new theories about the universe's matter composition. Modern estimates for baryonic matter, dark matter, and dark energy are discussed.",ai
"We explore how non-minimal coupling between dark matter particles and a dark energy field affects their classical dynamics. When the dark matter particle mass is linked to this scalar field, we find that standard results are valid only if the dark energy field's spatial variation is smooth over the dark matter particle's characteristic size. We derive a constraint on this, dependent on the dark matter particle's mass, radius, and coupling strength to the dark energy field.",ai
"Dark matter and dark energy densities today are surprisingly similar, yet their growth patterns differ vastly. This enigma could be resolved if these two 'dark' components interact. We propose that dark matter particles' masses vary with a scalar field linked to dark energy, driven by an 'attractor' solution that adjusts their mass over time to maintain this balance.",ai
"In a rotating disk universe, the Hubble constant equals the global spin speed. This model explains dark energy and dark matter as inertial effects: dark energy as centrifugal force, dark matter as a mix of centrifugal and Coriolis forces. The model's predictions align with the standard {\Lambda}-CDM model's dark energy and dark matter parameters.",ai
"We studied how Dark Energy clusters and interacts with Dark Matter. We found that Dark Energy can create voids and overdensities in matter, depending on its background energy density evolution. Surprisingly, when coupled with Dark Matter, Dark Energy fluctuations are slightly reduced. Looking at density contrasts and scales of superclusters and voids, Dark Energy's perturbations range from $|\delta_\phi|\sim 10^{-6}$ to $|\delta_\phi|\sim 10^{-4}$, suggesting it",ai
"We explore the idea that a hidden ""dark group"" of particles, interacting with standard model particles only through gravity, could be the source of observed dark energy and dark matter. We demonstrate this is feasible and identify constraints for this dark group. Strong interactions in this group lead to a specific potential for dark meson fields, representing dark energy. Massive particles, like dark baryons, from this group make up dark matter, with masses roughly equal to the energy scale of their condensation.",ai
"Dark energy and dark matter might interact directly, non-gravitationally, potentially resolving theoretical issues. To understand these models, detailed study of cosmological perturbations is needed. However, incorrect use of dark energy's pressure perturbation can cause early-stage instabilities. Recent research uses the parametrized post-Friedmann method to calculate perturbation equations in this scenario.",ai
"We've used data from the Planck CMB and SDSS Lyman-$\alpha$ forest to set limits on how often baryons and dark matter interact, when dark matter is lighter than a MeV. We're interested in dark matter masses up to about 1 MeV, where free-streaming could reduce small-scale density fluctuations. We treated dark matter's free-streaming like warm dark matter, and showed how the interaction cross-section depends on dark matter mass.",ai
"Dark matter might interact with ""dark radiation,"" unseen particles that transmit forces between dark sector entities. Cosmological rules suggest this dark radiation should be cooler than ordinary radiation. In models where dark matter and our familiar universe interact, meeting these rules can be challenging if we assume the early universe was in thermal equilibrium. We propose a model where a long-lived particle (like a modulus) decays late, reheating the visible and dark sectors unevenly. This model can create a sufficiently cool dark sector and generate imbalances of both ordinary matter (baryons) and dark matter, all while the",ai
"We explore how changes in the sign of the $Q$-function, which gauges energy transfer between dark energy and dark matter, affect these components. Using a holographic approach, we model dark energy with a linear equation of state parameter $\omega$. Applying the second law of thermodynamics, we find that $Q$'s sign changes due to cosmic evolution cause shifts in the temperatures of dark energy and dark matter. We also discuss past and future phase transitions in these components, linked to changes in their heat capacities.",ai
"Theories suggest that dark matter and the mysterious force driving universe expansion (dark energy) interact. In these models, both dark components behave similarly over time. The mass of dark matter particles depends on the dark energy field causing current cosmic acceleration. Different scenarios vary based on how dark matter mass changes over time. This study explores how a constant interaction strength ($\delta$) between dark energy and dark matter affects our understanding of dark energy's behavior ($w_{DE}(z)$) across different cosmic distances (redshifts).",ai
"Dark matter clumps' annihilation could explain ultrahigh energy cosmic rays. This process leaves a distinctive anisotropy signal.,ai"
"In the Minimal Supersymmetric Standard Model, we've added Dark Matter and Dark Energy terms, involving a quintessence field interacting with Dark Matter. We previously used this to calculate the magnetic field during the Electroweak Phase Transition. Now, we estimate the Dark Matter mass based on the quintessence field's expectation value, using parameters from prior Dark Matter-Dark Energy interaction studies.",ai
"New Model for Dark Matter and Energy We present a new model, Stepped Partially Acoustic Dark Matter (SPartAcous), to tackle two key issues in current cosmic data: the $H_0$ and $S_8$ problems. Like the Partially Acoustic Dark Matter (PAcDM) scenario, SPartAcous has a dark matter subcomponent that interacts with dark energy at high temperatures, slowing structure growth at small scales and addressing the $S_8$ problem. However, SPartAcous introduces a light dark energy component that becomes non-relativistic",ai
"New Dark Matter Models: We introduce a unique class of dark matter models. They share common features with standard models: dark matter particles, known as WIMPs, interact weakly with the Standard Model and have masses at the weak scale. However, these models introduce a new ""dark"" non-Abelian gauge group, with dark matter particles forming multiplets under this group. This group has milli-weak coupling, and its massless dark gluons act as a form of weakly self-interacting dark radiation, contributing to the universe's energy density. In our study, we investigate the implications of:",ai
"The white paper outlines a method for indirectly detecting dark matter using antideuterons. These rare, low-energy particles, produced when dark matter annihilates or decays, have a low astrophysical background, making them promising signatures. Current and future experiments have the potential to detect these antideuterons, complementing other dark matter searches.",ai
"We suggest a dark matter model where a new SU(2) group gauges the dark sector. This sector includes SU(2) dark gauge fields, two triplet dark Higgs fields, and two dark fermion doublets (dark matter candidates). It interacts with the Standard Model sector through mixing operators. The model successfully explains PAMELA and Fermi LAT data and meets constraints from DM relic density and Standard Model precision measurements. We also study its LHC phenomenology.",ai
"In a recent study (arXiv:1106.4546), we presented a novel approach to dark matter physics, called ""dynamical dark matter."" We detailed its underlying principles and potential outcomes. Unlike common methods that assume stable dark matter particles, our framework involves many individual components that balance between cosmological abundance and lifetimes. This results in a changing dark matter abundance over time, and components can interact and decay today. Our previous paper focused on the broad theoretical aspects of this framework.",ai